Metric,mAP,Total_Detections,True_Positives
AP@0.5,0.2248507449376038,1393,325
AP@0.75,0.07981001637886184,1393,149
COCO_mAP,0.6063438026117902,0,0
